{
    "Z": 0.0045910749502965816,
    "A": 0.0802440056530116,
    "D": 0.0362654998682566,
    "I": 0.07221162060953185,
    "G": 0.0106353249283395,
    "O": 0.04792283800291887,
    "U": 0.06132877685778048,
    "L": 0.054022979328180495,
    "E": 0.1579170093338973,
    "S": 0.06932922398856148,
    "T": 0.06637496706402121,
    "N": 0.06088963055818704,
    "\n": 0.01869964788451348,
    "V": 0.016847248948045793,
    "R": 0.061424590595873595,
    "P": 0.025159090727627093,
    "B": 0.010491604321199766,
    "J": 0.005700917416542187,
    ",": 0.015202446444113279,
    "Q": 0.012455785952109468,
    "M": 0.026875753535129474,
    "F": 0.009533466940268204,
    "H": 0.008239981476010596,
    "'": 0.013693380069146069,
    "C": 0.02574994211253489,
    "X": 0.003840534001900273,
    ".": 0.008663158819255369,
    "-": 0.0032576670951669695,
    "Y": 0.003113946488027251,
    ";": 0.0036409220475395526,
    "\"": 0.0023394521051076558,
    "?": 0.0006148048194310269,
    "1": 0.00010379821626757583,
    ":": 0.0014531750277460573,
    "!": 0.000910230511884897,
    "2": 3.193791269771564e-05,
    "3": 1.596895634885782e-05,
    "K": 1.596895634885782e-05,
    "4": 1.596895634885782e-05,
    "(": 1.596895634885782e-05,
    ")": 1.596895634885782e-05,
    "5": 1.596895634885782e-05,
    "6": 1.596895634885782e-05,
    "7": 1.596895634885782e-05,
    "8": 1.596895634885782e-05,
    "9": 1.596895634885782e-05,
    "0": 1.596895634885782e-05,
    ">": 4.790686904657346e-05
}